Workbook

Sheet Dashboard
A1: Product Inventory Expiry Alert Automation Summary
A2: Formula-driven summary tables prepared for dashboard charts. No charts are included so the file can be customised for portfolio presentation.
A4: Total Products | C4: Action Required | E4: Email Needed | G4: Completed | I4: Expired | K4: Due in 30 Days
A5: =COUNTIF(Product_Tracker!$B$5:$B$104,"<>") -> 11 | C5: =COUNTIF(Product_Tracker!$N$5:$N$104,"Action Required") -> 6 | E5: =COUNTIF(Product_Tracker!$O$5:$O$104,"Yes") -> 6 | G5: =COUNTIF(Product_Tracker!$N$5:$N$104,"Completed") -> 1 | I5: =COUNTIF(Product_Tracker!$N$5:$N$104,"Expired") -> 2 | K5: =COUNTIFS(Product_Tracker!$H$5:$H$104,">=0",Product_Tracker!$H$5:$H$104,"<=30") -> 7
A7: Expiry Risk | B7: Products | C7: Email Needed | E7: Reminder Stage | F7: Products | G7: Email Needed | I7: PIC | J7: Total Records | K7: Action Required | L7: Completed
A8: Expired | B8: =COUNTIF(Product_Tracker!$I$5:$I$104,A8) -> 2 | C8: =COUNTIFS(Product_Tracker!$I$5:$I$104,A8,Product_Tracker!$O$5:$O$104,"Yes") -> 0 | E8: Not Yet | F8: =COUNTIF(Product_Tracker!$M$5:$M$104,E8) -> 2 | G8: =COUNTIFS(Product_Tracker!$M$5:$M$104,E8,Product_Tracker!$O$5:$O$104,"Yes") -> 0 | I8: Ops Lead | J8: =COUNTIF(Product_Tracker!$E$5:$E$104,I8) -> 2 | K8: =COUNTIFS(Product_Tracker!$E$5:$E$104,I8,Product_Tracker!$N$5:$N$104,"Action Required") -> 1 | L8: =COUNTIFS(Product_Tracker!$E$5:$E$104,I8,Product_Tracker!$N$5:$N$104,"Completed") -> 0
A9: 0-7 days | B9: =COUNTIF(Product_Tracker!$I$5:$I$104,A9) -> 3 | C9: =COUNTIFS(Product_Tracker!$I$5:$I$104,A9,Product_Tracker!$O$5:$O$104,"Yes") -> 3 | E9: 1st Reminder | F9: =COUNTIF(Product_Tracker!$M$5:$M$104,E9) -> 1 | G9: =COUNTIFS(Product_Tracker!$M$5:$M$104,E9,Product_Tracker!$O$5:$O$104,"Yes") -> 1 | I9: Ops Manager | J9: =COUNTIF(Product_Tracker!$E$5:$E$104,I9) -> 1 | K9: =COUNTIFS(Product_Tracker!$E$5:$E$104,I9,Product_Tracker!$N$5:$N$104,"Action Required") -> 1 | L9: =COUNTIFS(Product_Tracker!$E$5:$E$104,I9,Product_Tracker!$N$5:$N$104,"Completed") -> 0
A10: 8-14 days | B10: =COUNTIF(Product_Tracker!$I$5:$I$104,A10) -> 2 | C10: =COUNTIFS(Product_Tracker!$I$5:$I$104,A10,Product_Tracker!$O$5:$O$104,"Yes") -> 2 | E10: 2nd Reminder | F10: =COUNTIF(Product_Tracker!$M$5:$M$104,E10) -> 2 | G10: =COUNTIFS(Product_Tracker!$M$5:$M$104,E10,Product_Tracker!$O$5:$O$104,"Yes") -> 2 | I10: GM | J10: =COUNTIF(Product_Tracker!$E$5:$E$104,I10) -> 1 | K10: =COUNTIFS(Product_Tracker!$E$5:$E$104,I10,Product_Tracker!$N$5:$N$104,"Action Required") -> 1 | L10: =COUNTIFS(Product_Tracker!$E$5:$E$104,I10,Product_Tracker!$N$5:$N$104,"Completed") -> 0
A11: 15-30 days | B11: =COUNTIF(Product_Tracker!$I$5:$I$104,A11) -> 2 | C11: =COUNTIFS(Product_Tracker!$I$5:$I$104,A11,Product_Tracker!$O$5:$O$104,"Yes") -> 1 | E11: 3rd Reminder | F11: =COUNTIF(Product_Tracker!$M$5:$M$104,E11) -> 3 | G11: =COUNTIFS(Product_Tracker!$M$5:$M$104,E11,Product_Tracker!$O$5:$O$104,"Yes") -> 3 | I11: Proc Lead | J11: =COUNTIF(Product_Tracker!$E$5:$E$104,I11) -> 2 | K11: =COUNTIFS(Product_Tracker!$E$5:$E$104,I11,Product_Tracker!$N$5:$N$104,"Action Required") -> 1 | L11: =COUNTIFS(Product_Tracker!$E$5:$E$104,I11,Product_Tracker!$N$5:$N$104,"Completed") -> 0
A12: 30+ days | B12: =COUNTIF(Product_Tracker!$I$5:$I$104,A12) -> 2 | C12: =COUNTIFS(Product_Tracker!$I$5:$I$104,A12,Product_Tracker!$O$5:$O$104,"Yes") -> 0 | E12: Expired | F12: =COUNTIF(Product_Tracker!$M$5:$M$104,E12) -> 2 | G12: =COUNTIFS(Product_Tracker!$M$5:$M$104,E12,Product_Tracker!$O$5:$O$104,"Yes") -> 0 | I12: QA Mgr | J12: =COUNTIF(Product_Tracker!$E$5:$E$104,I12) -> 2 | K12: =COUNTIFS(Product_Tracker!$E$5:$E$104,I12,Product_Tracker!$N$5:$N$104,"Action Required") -> 1 | L12: =COUNTIFS(Product_Tracker!$E$5:$E$104,I12,Product_Tracker!$N$5:$N$104,"Completed") -> 0
E13: Completed | F13: =COUNTIF(Product_Tracker!$M$5:$M$104,E13) -> 1 | G13: =COUNTIFS(Product_Tracker!$M$5:$M$104,E13,Product_Tracker!$O$5:$O$104,"Yes") -> 0 | I13: Inv Ctrl | J13: =COUNTIF(Product_Tracker!$E$5:$E$104,I13) -> 3 | K13: =COUNTIFS(Product_Tracker!$E$5:$E$104,I13,Product_Tracker!$N$5:$N$104,"Action Required") -> 1 | L13: =COUNTIFS(Product_Tracker!$E$5:$E$104,I13,Product_Tracker!$N$5:$N$104,"Completed") -> 1
A15: Decision | B15: Records | C15: Email Needed | E15: Email Required | F15: Records | G15: Share | I15: Action Status | J15: Records | K15: Email Needed | L15: Share
A16: Pending | B16: =COUNTIF(Product_Tracker!$F$5:$F$104,A16) -> 6 | C16: =COUNTIFS(Product_Tracker!$F$5:$F$104,A16,Product_Tracker!$O$5:$O$104,"Yes") -> 3 | E16: Yes | F16: =COUNTIF(Product_Tracker!$O$5:$O$104,E16) -> 6 | G16: =IFERROR(F16/$A$5,0) -> 0.54545455 | I16: Scheduled | J16: =COUNTIF(Product_Tracker!$N$5:$N$104,I16) -> 2 | K16: =COUNTIFS(Product_Tracker!$N$5:$N$104,I16,Product_Tracker!$O$5:$O$104,"Yes") -> 0 | L16: =IFERROR(J16/$A$5,0) -> 0.18181818
A17: Yes | B17: =COUNTIF(Product_Tracker!$F$5:$F$104,A17) -> 1 | C17: =COUNTIFS(Product_Tracker!$F$5:$F$104,A17,Product_Tracker!$O$5:$O$104,"Yes") -> 0 | E17: No | F17: =COUNTIF(Product_Tracker!$O$5:$O$104,E17) -> 5 | G17: =IFERROR(F17/$A$5,0) -> 0.45454545 | I17: Action Required | J17: =COUNTIF(Product_Tracker!$N$5:$N$104,I17) -> 6 | K17: =COUNTIFS(Product_Tracker!$N$5:$N$104,I17,Product_Tracker!$O$5:$O$104,"Yes") -> 6 | L17: =IFERROR(J17/$A$5,0) -> 0.54545455
A18: No | B18: =COUNTIF(Product_Tracker!$F$5:$F$104,A18) -> 2 | C18: =COUNTIFS(Product_Tracker!$F$5:$F$104,A18,Product_Tracker!$O$5:$O$104,"Yes") -> 1 | I18: Completed | J18: =COUNTIF(Product_Tracker!$N$5:$N$104,I18) -> 1 | K18: =COUNTIFS(Product_Tracker!$N$5:$N$104,I18,Product_Tracker!$O$5:$O$104,"Yes") -> 0 | L18: =IFERROR(J18/$A$5,0) -> 0.090909091
A19: On Hold | B19: =COUNTIF(Product_Tracker!$F$5:$F$104,A19) -> 1 | C19: =COUNTIFS(Product_Tracker!$F$5:$F$104,A19,Product_Tracker!$O$5:$O$104,"Yes") -> 1 | I19: Expired | J19: =COUNTIF(Product_Tracker!$N$5:$N$104,I19) -> 2 | K19: =COUNTIFS(Product_Tracker!$N$5:$N$104,I19,Product_Tracker!$O$5:$O$104,"Yes") -> 0 | L19: =IFERROR(J19/$A$5,0) -> 0.18181818
A20: Escalate | B20: =COUNTIF(Product_Tracker!$F$5:$F$104,A20) -> 1 | C20: =COUNTIFS(Product_Tracker!$F$5:$F$104,A20,Product_Tracker!$O$5:$O$104,"Yes") -> 1 | I20: Review | J20: =COUNTIF(Product_Tracker!$N$5:$N$104,I20) -> 0 | K20: =COUNTIFS(Product_Tracker!$N$5:$N$104,I20,Product_Tracker!$O$5:$O$104,"Yes") -> 0 | L20: =IFERROR(J20/$A$5,0) -> 0

Sheet Product_Tracker
A1: Product Inventory Expiry and Reminder Automation Tracker
A2: Demo data is shown up to row 15; row 16 onward is ready for new entries.
A3: USER INPUT AREA | H3: FORMULA AND REMINDER LOGIC | P3: POWER AUTOMATE OUTPUT / DEMO FIELDS
A4: Record ID | B4: Product | C4: Category | D4: Expiry Date | E4: PIC | F4: Decision | G4: Notes | H4: Days Left | I4: Expiry Risk | J4: Alert 1 Date | K4: Alert 2 Date | L4: Alert 3 Date | M4: Current Reminder Stage | N4: Action Status | O4: Email Required | P4: Last Email Sent | Q4: Flow Update Status | R4: Next Action
A5: P001 | B5: Sample A | C5: Chilled | D5: 46183 | E5: Ops Lead | F5: Pending | G5: Check promotion plan | H5: =IF($B5="","",$D5-TODAY()) -> 3 | I5: =IF($B5="","",IF($H5<0,"Expired",IF($H5<=7,"0-7 days",IF($H5<=14,"8-14 days",IF($H5<=30,"15-30 days","30+ days"))))) -> 0-7 days | J5: =IF($D5="","",$D5-30) -> 46153 | K5: =IF($D5="","",$D5-14) -> 46169 | L5: =IF($D5="","",$D5-7) -> 46176 | M5: =IF($B5="","",IF($F5="Yes","Completed",IF($H5<0,"Expired",IF(TODAY()>=$L5,"3rd Reminder",IF(TODAY()>=$K5,"2nd Reminder",IF(TODAY()>=$J5,"1st Reminder","Not Yet")))))) -> 3rd Reminder | N5: =IF($B5="","",IF($F5="Yes","Completed",IF($H5<0,"Expired",IF(OR($F5="Pending",$F5="No",$F5="On Hold",$F5="Escalate"),IF($M5="Not Yet","Scheduled","Action Required"),"Review")))) -> Action Required | O5: =IF($B5="","",IF(AND($N5="Action Required",$F5<>"Yes"),"Yes","No")) -> Yes | Q5: =IF($B5="","",IF($O5="Yes","Ready for email batch","No email needed")) -> Ready for email batch | R5: =IF($B5="","",IF($F5="Yes","Stop reminders",IF($N5="Expired","Review expired item",IF($O5="Yes","Send "&$M5&" email to "&$E5,"Monitor")))) -> Send 3rd Reminder email to Ops Lead
A6: P002 | B6: Sample B | C6: Bakery | D6: 46192 | E6: Inv Ctrl | F6: No | G6: Awaiting decision | H6: =IF($B6="","",$D6-TODAY()) -> 12 | I6: =IF($B6="","",IF($H6<0,"Expired",IF($H6<=7,"0-7 days",IF($H6<=14,"8-14 days",IF($H6<=30,"15-30 days","30+ days"))))) -> 8-14 days | J6: =IF($D6="","",$D6-30) -> 46162 | K6: =IF($D6="","",$D6-14) -> 46178 | L6: =IF($D6="","",$D6-7) -> 46185 | M6: =IF($B6="","",IF($F6="Yes","Completed",IF($H6<0,"Expired",IF(TODAY()>=$L6,"3rd Reminder",IF(TODAY()>=$K6,"2nd Reminder",IF(TODAY()>=$J6,"1st Reminder","Not Yet")))))) -> 2nd Reminder | N6: =IF($B6="","",IF($F6="Yes","Completed",IF($H6<0,"Expired",IF(OR($F6="Pending",$F6="No",$F6="On Hold",$F6="Escalate"),IF($M6="Not Yet","Scheduled","Action Required"),"Review")))) -> Action Required | O6: =IF($B6="","",IF(AND($N6="Action Required",$F6<>"Yes"),"Yes","No")) -> Yes | P6: 46176 | Q6: =IF($B6="","",IF($O6="Yes","Ready for email batch","No email needed")) -> Ready for email batch | R6: =IF($B6="","",IF($F6="Yes","Stop reminders",IF($N6="Expired","Review expired item",IF($O6="Yes","Send "&$M6&" email to "&$E6,"Monitor")))) -> Send 2nd Reminder email to Inv Ctrl
A7: P003 | B7: Sample C | C7: Frozen | D7: 46208 | E7: Inv Ctrl | F7: Yes | G7: Action completed | H7: =IF($B7="","",$D7-TODAY()) -> 28 | I7: =IF($B7="","",IF($H7<0,"Expired",IF($H7<=7,"0-7 days",IF($H7<=14,"8-14 days",IF($H7<=30,"15-30 days","30+ days"))))) -> 15-30 days | J7: =IF($D7="","",$D7-30) -> 46178 | K7: =IF($D7="","",$D7-14) -> 46194 | L7: =IF($D7="","",$D7-7) -> 46201 | M7: =IF($B7="","",IF($F7="Yes","Completed",IF($H7<0,"Expired",IF(TODAY()>=$L7,"3rd Reminder",IF(TODAY()>=$K7,"2nd Reminder",IF(TODAY()>=$J7,"1st Reminder","Not Yet")))))) -> Completed | N7: =IF($B7="","",IF($F7="Yes","Completed",IF($H7<0,"Expired",IF(OR($F7="Pending",$F7="No",$F7="On Hold",$F7="Escalate"),IF($M7="Not Yet","Scheduled","Action Required"),"Review")))) -> Completed | O7: =IF($B7="","",IF(AND($N7="Action Required",$F7<>"Yes"),"Yes","No")) -> No | P7: 46177 | Q7: =IF($B7="","",IF($O7="Yes","Ready for email batch","No email needed")) -> No email needed | R7: =IF($B7="","",IF($F7="Yes","Stop reminders",IF($N7="Expired","Review expired item",IF($O7="Yes","Send "&$M7&" email to "&$E7,"Monitor")))) -> Stop reminders
A8: P004 | B8: Sample D | C8: Grocery | D8: 46178 | E8: Inv Ctrl | F8: Pending | G8: Expired item review | H8: =IF($B8="","",$D8-TODAY()) -> -2 | I8: =IF($B8="","",IF($H8<0,"Expired",IF($H8<=7,"0-7 days",IF($H8<=14,"8-14 days",IF($H8<=30,"15-30 days","30+ days"))))) -> Expired | J8: =IF($D8="","",$D8-30) -> 46148 | K8: =IF($D8="","",$D8-14) -> 46164 | L8: =IF($D8="","",$D8-7) -> 46171 | M8: =IF($B8="","",IF($F8="Yes","Completed",IF($H8<0,"Expired",IF(TODAY()>=$L8,"3rd Reminder",IF(TODAY()>=$K8,"2nd Reminder",IF(TODAY()>=$J8,"1st Reminder","Not Yet")))))) -> Expired | N8: =IF($B8="","",IF($F8="Yes","Completed",IF($H8<0,"Expired",IF(OR($F8="Pending",$F8="No",$F8="On Hold",$F8="Escalate"),IF($M8="Not Yet","Scheduled","Action Required"),"Review")))) -> Expired | O8: =IF($B8="","",IF(AND($N8="Action Required",$F8<>"Yes"),"Yes","No")) -> No | P8: 46179 | Q8: =IF($B8="","",IF($O8="Yes","Ready for email batch","No email needed")) -> No email needed | R8: =IF($B8="","",IF($F8="Yes","Stop reminders",IF($N8="Expired","Review expired item",IF($O8="Yes","Send "&$M8&" email to "&$E8,"Monitor")))) -> Review expired item
A9: P005 | B9: Sample E | C9: Chilled | D9: 46235 | E9: Ops Lead | F9: Pending | G9: No action yet | H9: =IF($B9="","",$D9-TODAY()) -> 55 | I9: =IF($B9="","",IF($H9<0,"Expired",IF($H9<=7,"0-7 days",IF($H9<=14,"8-14 days",IF($H9<=30,"15-30 days","30+ days"))))) -> 30+ days | J9: =IF($D9="","",$D9-30) -> 46205 | K9: =IF($D9="","",$D9-14) -> 46221 | L9: =IF($D9="","",$D9-7) -> 46228 | M9: =IF($B9="","",IF($F9="Yes","Completed",IF($H9<0,"Expired",IF(TODAY()>=$L9,"3rd Reminder",IF(TODAY()>=$K9,"2nd Reminder",IF(TODAY()>=$J9,"1st Reminder","Not Yet")))))) -> Not Yet | N9: =IF($B9="","",IF($F9="Yes","Completed",IF($H9<0,"Expired",IF(OR($F9="Pending",$F9="No",$F9="On Hold",$F9="Escalate"),IF($M9="Not Yet","Scheduled","Action Required"),"Review")))) -> Scheduled | O9: =IF($B9="","",IF(AND($N9="Action Required",$F9<>"Yes"),"Yes","No")) -> No | Q9: =IF($B9="","",IF($O9="Yes","Ready for email batch","No email needed")) -> No email needed | R9: =IF($B9="","",IF($F9="Yes","Stop reminders",IF($N9="Expired","Review expired item",IF($O9="Yes","Send "&$M9&" email to "&$E9,"Monitor")))) -> Monitor
A10: P006 | B10: Sample F | C10: Bakery | D10: 46187 | E10: QA Mgr | F10: Pending | G10: Awaiting QA check | H10: =IF($B10="","",$D10-TODAY()) -> 7 | I10: =IF($B10="","",IF($H10<0,"Expired",IF($H10<=7,"0-7 days",IF($H10<=14,"8-14 days",IF($H10<=30,"15-30 days","30+ days"))))) -> 0-7 days | J10: =IF($D10="","",$D10-30) -> 46157 | K10: =IF($D10="","",$D10-14) -> 46173 | L10: =IF($D10="","",$D10-7) -> 46180 | M10: =IF($B10="","",IF($F10="Yes","Completed",IF($H10<0,"Expired",IF(TODAY()>=$L10,"3rd Reminder",IF(TODAY()>=$K10,"2nd Reminder",IF(TODAY()>=$J10,"1st Reminder","Not Yet")))))) -> 3rd Reminder | N10: =IF($B10="","",IF($F10="Yes","Completed",IF($H10<0,"Expired",IF(OR($F10="Pending",$F10="No",$F10="On Hold",$F10="Escalate"),IF($M10="Not Yet","Scheduled","Action Required"),"Review")))) -> Action Required | O10: =IF($B10="","",IF(AND($N10="Action Required",$F10<>"Yes"),"Yes","No")) -> Yes | P10: 46178 | Q10: =IF($B10="","",IF($O10="Yes","Ready for email batch","No email needed")) -> Ready for email batch | R10: =IF($B10="","",IF($F10="Yes","Stop reminders",IF($N10="Expired","Review expired item",IF($O10="Yes","Send "&$M10&" email to "&$E10,"Monitor")))) -> Send 3rd Reminder email to QA Mgr
A11: P007 | B11: Sample G | C11: Frozen | D11: 46175 | E11: Proc Lead | F11: No | G11: Supplier follow up required | H11: =IF($B11="","",$D11-TODAY()) -> -5 | I11: =IF($B11="","",IF($H11<0,"Expired",IF($H11<=7,"0-7 days",IF($H11<=14,"8-14 days",IF($H11<=30,"15-30 days","30+ days"))))) -> Expired | J11: =IF($D11="","",$D11-30) -> 46145 | K11: =IF($D11="","",$D11-14) -> 46161 | L11: =IF($D11="","",$D11-7) -> 46168 | M11: =IF($B11="","",IF($F11="Yes","Completed",IF($H11<0,"Expired",IF(TODAY()>=$L11,"3rd Reminder",IF(TODAY()>=$K11,"2nd Reminder",IF(TODAY()>=$J11,"1st Reminder","Not Yet")))))) -> Expired | N11: =IF($B11="","",IF($F11="Yes","Completed",IF($H11<0,"Expired",IF(OR($F11="Pending",$F11="No",$F11="On Hold",$F11="Escalate"),IF($M11="Not Yet","Scheduled","Action Required"),"Review")))) -> Expired | O11: =IF($B11="","",IF(AND($N11="Action Required",$F11<>"Yes"),"Yes","No")) -> No | P11: 46176 | Q11: =IF($B11="","",IF($O11="Yes","Ready for email batch","No email needed")) -> No email needed | R11: =IF($B11="","",IF($F11="Yes","Stop reminders",IF($N11="Expired","Review expired item",IF($O11="Yes","Send "&$M11&" email to "&$E11,"Monitor")))) -> Review expired item
A12: P008 | B12: Sample H | C12: Grocery | D12: 46223 | E12: QA Mgr | F12: Pending | G12: Monitor | H12: =IF($B12="","",$D12-TODAY()) -> 43 | I12: =IF($B12="","",IF($H12<0,"Expired",IF($H12<=7,"0-7 days",IF($H12<=14,"8-14 days",IF($H12<=30,"15-30 days","30+ days"))))) -> 30+ days | J12: =IF($D12="","",$D12-30) -> 46193 | K12: =IF($D12="","",$D12-14) -> 46209 | L12: =IF($D12="","",$D12-7) -> 46216 | M12: =IF($B12="","",IF($F12="Yes","Completed",IF($H12<0,"Expired",IF(TODAY()>=$L12,"3rd Reminder",IF(TODAY()>=$K12,"2nd Reminder",IF(TODAY()>=$J12,"1st Reminder","Not Yet")))))) -> Not Yet | N12: =IF($B12="","",IF($F12="Yes","Completed",IF($H12<0,"Expired",IF(OR($F12="Pending",$F12="No",$F12="On Hold",$F12="Escalate"),IF($M12="Not Yet","Scheduled","Action Required"),"Review")))) -> Scheduled | O12: =IF($B12="","",IF(AND($N12="Action Required",$F12<>"Yes"),"Yes","No")) -> No | Q12: =IF($B12="","",IF($O12="Yes","Ready for email batch","No email needed")) -> No email needed | R12: =IF($B12="","",IF($F12="Yes","Stop reminders",IF($N12="Expired","Review expired item",IF($O12="Yes","Send "&$M12&" email to "&$E12,"Monitor")))) -> Monitor
A13: P009 | B13: Sample I | C13: Dairy | D13: 46194 | E13: Proc Lead | F13: Pending | G13: Confirm discount option | H13: =IF($B13="","",$D13-TODAY()) -> 14 | I13: =IF($B13="","",IF($H13<0,"Expired",IF($H13<=7,"0-7 days",IF($H13<=14,"8-14 days",IF($H13<=30,"15-30 days","30+ days"))))) -> 8-14 days | J13: =IF($D13="","",$D13-30) -> 46164 | K13: =IF($D13="","",$D13-14) -> 46180 | L13: =IF($D13="","",$D13-7) -> 46187 | M13: =IF($B13="","",IF($F13="Yes","Completed",IF($H13<0,"Expired",IF(TODAY()>=$L13,"3rd Reminder",IF(TODAY()>=$K13,"2nd Reminder",IF(TODAY()>=$J13,"1st Reminder","Not Yet")))))) -> 2nd Reminder | N13: =IF($B13="","",IF($F13="Yes","Completed",IF($H13<0,"Expired",IF(OR($F13="Pending",$F13="No",$F13="On Hold",$F13="Escalate"),IF($M13="Not Yet","Scheduled","Action Required"),"Review")))) -> Action Required | O13: =IF($B13="","",IF(AND($N13="Action Required",$F13<>"Yes"),"Yes","No")) -> Yes | P13: 46177 | Q13: =IF($B13="","",IF($O13="Yes","Ready for email batch","No email needed")) -> Ready for email batch | R13: =IF($B13="","",IF($F13="Yes","Stop reminders",IF($N13="Expired","Review expired item",IF($O13="Yes","Send "&$M13&" email to "&$E13,"Monitor")))) -> Send 2nd Reminder email to Proc Lead
A14: P010 | B14: Sample J | C14: Beverage | D14: 46203 | E14: Ops Manager | F14: On Hold | G14: Waiting stock decision | H14: =IF($B14="","",$D14-TODAY()) -> 23 | I14: =IF($B14="","",IF($H14<0,"Expired",IF($H14<=7,"0-7 days",IF($H14<=14,"8-14 days",IF($H14<=30,"15-30 days","30+ days"))))) -> 15-30 days | J14: =IF($D14="","",$D14-30) -> 46173 | K14: =IF($D14="","",$D14-14) -> 46189 | L14: =IF($D14="","",$D14-7) -> 46196 | M14: =IF($B14="","",IF($F14="Yes","Completed",IF($H14<0,"Expired",IF(TODAY()>=$L14,"3rd Reminder",IF(TODAY()>=$K14,"2nd Reminder",IF(TODAY()>=$J14,"1st Reminder","Not Yet")))))) -> 1st Reminder | N14: =IF($B14="","",IF($F14="Yes","Completed",IF($H14<0,"Expired",IF(OR($F14="Pending",$F14="No",$F14="On Hold",$F14="Escalate"),IF($M14="Not Yet","Scheduled","Action Required"),"Review")))) -> Action Required | O14: =IF($B14="","",IF(AND($N14="Action Required",$F14<>"Yes"),"Yes","No")) -> Yes | Q14: =IF($B14="","",IF($O14="Yes","Ready for email batch","No email needed")) -> Ready for email batch | R14: =IF($B14="","",IF($F14="Yes","Stop reminders",IF($N14="Expired","Review expired item",IF($O14="Yes","Send "&$M14&" email to "&$E14,"Monitor")))) -> Send 1st Reminder email to Ops Manager
A15: P011 | B15: Sample K | C15: Fresh | D15: 46182 | E15: GM | F15: Escalate | G15: Management review needed | H15: =IF($B15="","",$D15-TODAY()) -> 2 | I15: =IF($B15="","",IF($H15<0,"Expired",IF($H15<=7,"0-7 days",IF($H15<=14,"8-14 days",IF($H15<=30,"15-30 days","30+ days"))))) -> 0-7 days | J15: =IF($D15="","",$D15-30) -> 46152 | K15: =IF($D15="","",$D15-14) -> 46168 | L15: =IF($D15="","",$D15-7) -> 46175 | M15: =IF($B15="","",IF($F15="Yes","Completed",IF($H15<0,"Expired",IF(TODAY()>=$L15,"3rd Reminder",IF(TODAY()>=$K15,"2nd Reminder",IF(TODAY()>=$J15,"1st Reminder","Not Yet")))))) -> 3rd Reminder | N15: =IF($B15="","",IF($F15="Yes","Completed",IF($H15<0,"Expired",IF(OR($F15="Pending",$F15="No",$F15="On Hold",$F15="Escalate"),IF($M15="Not Yet","Scheduled","Action Required"),"Review")))) -> Action Required | O15: =IF($B15="","",IF(AND($N15="Action Required",$F15<>"Yes"),"Yes","No")) -> Yes | P15: 46179 | Q15: =IF($B15="","",IF($O15="Yes","Ready for email batch","No email needed")) -> Ready for email batch | R15: =IF($B15="","",IF($F15="Yes","Stop reminders",IF($N15="Expired","Review expired item",IF($O15="Yes","Send "&$M15&" email to "&$E15,"Monitor")))) -> Send 3rd Reminder email to GM
H16: =IF($B16="","",$D16-TODAY()) | I16: =IF($B16="","",IF($H16<0,"Expired",IF($H16<=7,"0-7 days",IF($H16<=14,"8-14 days",IF($H16<=30,"15-30 days","30+ days"))))) | J16: =IF($D16="","",$D16-30) | K16: =IF($D16="","",$D16-14) | L16: =IF($D16="","",$D16-7) | M16: =IF($B16="","",IF($F16="Yes","Completed",IF($H16<0,"Expired",IF(TODAY()>=$L16,"3rd Reminder",IF(TODAY()>=$K16,"2nd Reminder",IF(TODAY()>=$J16,"1st Reminder","Not Yet")))))) | N16: =IF($B16="","",IF($F16="Yes","Completed",IF($H16<0,"Expired",IF(OR($F16="Pending",$F16="No",$F16="On Hold",$F16="Escalate"),IF($M16="Not Yet","Scheduled","Action Required"),"Review")))) | O16: =IF($B16="","",IF(AND($N16="Action Required",$F16<>"Yes"),"Yes","No")) | Q16: =IF($B16="","",IF($O16="Yes","Ready for email batch","No email needed")) | R16: =IF($B16="","",IF($F16="Yes","Stop reminders",IF($N16="Expired","Review expired item",IF($O16="Yes","Send "&$M16&" email to "&$E16,"Monitor"))))
H17: =IF($B17="","",$D17-TODAY()) | I17: =IF($B17="","",IF($H17<0,"Expired",IF($H17<=7,"0-7 days",IF($H17<=14,"8-14 days",IF($H17<=30,"15-30 days","30+ days"))))) | J17: =IF($D17="","",$D17-30) | K17: =IF($D17="","",$D17-14) | L17: =IF($D17="","",$D17-7) | M17: =IF($B17="","",IF($F17="Yes","Completed",IF($H17<0,"Expired",IF(TODAY()>=$L17,"3rd Reminder",IF(TODAY()>=$K17,"2nd Reminder",IF(TODAY()>=$J17,"1st Reminder","Not Yet")))))) | N17: =IF($B17="","",IF($F17="Yes","Completed",IF($H17<0,"Expired",IF(OR($F17="Pending",$F17="No",$F17="On Hold",$F17="Escalate"),IF($M17="Not Yet","Scheduled","Action Required"),"Review")))) | O17: =IF($B17="","",IF(AND($N17="Action Required",$F17<>"Yes"),"Yes","No")) | Q17: =IF($B17="","",IF($O17="Yes","Ready for email batch","No email needed")) | R17: =IF($B17="","",IF($F17="Yes","Stop reminders",IF($N17="Expired","Review expired item",IF($O17="Yes","Send "&$M17&" email to "&$E17,"Monitor"))))
H18: =IF($B18="","",$D18-TODAY()) | I18: =IF($B18="","",IF($H18<0,"Expired",IF($H18<=7,"0-7 days",IF($H18<=14,"8-14 days",IF($H18<=30,"15-30 days","30+ days"))))) | J18: =IF($D18="","",$D18-30) | K18: =IF($D18="","",$D18-14) | L18: =IF($D18="","",$D18-7) | M18: =IF($B18="","",IF($F18="Yes","Completed",IF($H18<0,"Expired",IF(TODAY()>=$L18,"3rd Reminder",IF(TODAY()>=$K18,"2nd Reminder",IF(TODAY()>=$J18,"1st Reminder","Not Yet")))))) | N18: =IF($B18="","",IF($F18="Yes","Completed",IF($H18<0,"Expired",IF(OR($F18="Pending",$F18="No",$F18="On Hold",$F18="Escalate"),IF($M18="Not Yet","Scheduled","Action Required"),"Review")))) | O18: =IF($B18="","",IF(AND($N18="Action Required",$F18<>"Yes"),"Yes","No")) | Q18: =IF($B18="","",IF($O18="Yes","Ready for email batch","No email needed")) | R18: =IF($B18="","",IF($F18="Yes","Stop reminders",IF($N18="Expired","Review expired item",IF($O18="Yes","Send "&$M18&" email to "&$E18,"Monitor"))))
H19: =IF($B19="","",$D19-TODAY()) | I19: =IF($B19="","",IF($H19<0,"Expired",IF($H19<=7,"0-7 days",IF($H19<=14,"8-14 days",IF($H19<=30,"15-30 days","30+ days"))))) | J19: =IF($D19="","",$D19-30) | K19: =IF($D19="","",$D19-14) | L19: =IF($D19="","",$D19-7) | M19: =IF($B19="","",IF($F19="Yes","Completed",IF($H19<0,"Expired",IF(TODAY()>=$L19,"3rd Reminder",IF(TODAY()>=$K19,"2nd Reminder",IF(TODAY()>=$J19,"1st Reminder","Not Yet")))))) | N19: =IF($B19="","",IF($F19="Yes","Completed",IF($H19<0,"Expired",IF(OR($F19="Pending",$F19="No",$F19="On Hold",$F19="Escalate"),IF($M19="Not Yet","Scheduled","Action Required"),"Review")))) | O19: =IF($B19="","",IF(AND($N19="Action Required",$F19<>"Yes"),"Yes","No")) | Q19: =IF($B19="","",IF($O19="Yes","Ready for email batch","No email needed")) | R19: =IF($B19="","",IF($F19="Yes","Stop reminders",IF($N19="Expired","Review expired item",IF($O19="Yes","Send "&$M19&" email to "&$E19,"Monitor"))))
H20: =IF($B20="","",$D20-TODAY()) | I20: =IF($B20="","",IF($H20<0,"Expired",IF($H20<=7,"0-7 days",IF($H20<=14,"8-14 days",IF($H20<=30,"15-30 days","30+ days"))))) | J20: =IF($D20="","",$D20-30) | K20: =IF($D20="","",$D20-14) | L20: =IF($D20="","",$D20-7) | M20: =IF($B20="","",IF($F20="Yes","Completed",IF($H20<0,"Expired",IF(TODAY()>=$L20,"3rd Reminder",IF(TODAY()>=$K20,"2nd Reminder",IF(TODAY()>=$J20,"1st Reminder","Not Yet")))))) | N20: =IF($B20="","",IF($F20="Yes","Completed",IF($H20<0,"Expired",IF(OR($F20="Pending",$F20="No",$F20="On Hold",$F20="Escalate"),IF($M20="Not Yet","Scheduled","Action Required"),"Review")))) | O20: =IF($B20="","",IF(AND($N20="Action Required",$F20<>"Yes"),"Yes","No")) | Q20: =IF($B20="","",IF($O20="Yes","Ready for email batch","No email needed")) | R20: =IF($B20="","",IF($F20="Yes","Stop reminders",IF($N20="Expired","Review expired item",IF($O20="Yes","Send "&$M20&" email to "&$E20,"Monitor"))))
H21: =IF($B21="","",$D21-TODAY()) | I21: =IF($B21="","",IF($H21<0,"Expired",IF($H21<=7,"0-7 days",IF($H21<=14,"8-14 days",IF($H21<=30,"15-30 days","30+ days"))))) | J21: =IF($D21="","",$D21-30) | K21: =IF($D21="","",$D21-14) | L21: =IF($D21="","",$D21-7) | M21: =IF($B21="","",IF($F21="Yes","Completed",IF($H21<0,"Expired",IF(TODAY()>=$L21,"3rd Reminder",IF(TODAY()>=$K21,"2nd Reminder",IF(TODAY()>=$J21,"1st Reminder","Not Yet")))))) | N21: =IF($B21="","",IF($F21="Yes","Completed",IF($H21<0,"Expired",IF(OR($F21="Pending",$F21="No",$F21="On Hold",$F21="Escalate"),IF($M21="Not Yet","Scheduled","Action Required"),"Review")))) | O21: =IF($B21="","",IF(AND($N21="Action Required",$F21<>"Yes"),"Yes","No")) | Q21: =IF($B21="","",IF($O21="Yes","Ready for email batch","No email needed")) | R21: =IF($B21="","",IF($F21="Yes","Stop reminders",IF($N21="Expired","Review expired item",IF($O21="Yes","Send "&$M21&" email to "&$E21,"Monitor"))))
H22: =IF($B22="","",$D22-TODAY()) | I22: =IF($B22="","",IF($H22<0,"Expired",IF($H22<=7,"0-7 days",IF($H22<=14,"8-14 days",IF($H22<=30,"15-30 days","30+ days"))))) | J22: =IF($D22="","",$D22-30) | K22: =IF($D22="","",$D22-14) | L22: =IF($D22="","",$D22-7) | M22: =IF($B22="","",IF($F22="Yes","Completed",IF($H22<0,"Expired",IF(TODAY()>=$L22,"3rd Reminder",IF(TODAY()>=$K22,"2nd Reminder",IF(TODAY()>=$J22,"1st Reminder","Not Yet")))))) | N22: =IF($B22="","",IF($F22="Yes","Completed",IF($H22<0,"Expired",IF(OR($F22="Pending",$F22="No",$F22="On Hold",$F22="Escalate"),IF($M22="Not Yet","Scheduled","Action Required"),"Review")))) | O22: =IF($B22="","",IF(AND($N22="Action Required",$F22<>"Yes"),"Yes","No")) | Q22: =IF($B22="","",IF($O22="Yes","Ready for email batch","No email needed")) | R22: =IF($B22="","",IF($F22="Yes","Stop reminders",IF($N22="Expired","Review expired item",IF($O22="Yes","Send "&$M22&" email to "&$E22,"Monitor"))))
H23: =IF($B23="","",$D23-TODAY()) | I23: =IF($B23="","",IF($H23<0,"Expired",IF($H23<=7,"0-7 days",IF($H23<=14,"8-14 days",IF($H23<=30,"15-30 days","30+ days"))))) | J23: =IF($D23="","",$D23-30) | K23: =IF($D23="","",$D23-14) | L23: =IF($D23="","",$D23-7) | M23: =IF($B23="","",IF($F23="Yes","Completed",IF($H23<0,"Expired",IF(TODAY()>=$L23,"3rd Reminder",IF(TODAY()>=$K23,"2nd Reminder",IF(TODAY()>=$J23,"1st Reminder","Not Yet")))))) | N23: =IF($B23="","",IF($F23="Yes","Completed",IF($H23<0,"Expired",IF(OR($F23="Pending",$F23="No",$F23="On Hold",$F23="Escalate"),IF($M23="Not Yet","Scheduled","Action Required"),"Review")))) | O23: =IF($B23="","",IF(AND($N23="Action Required",$F23<>"Yes"),"Yes","No")) | Q23: =IF($B23="","",IF($O23="Yes","Ready for email batch","No email needed")) | R23: =IF($B23="","",IF($F23="Yes","Stop reminders",IF($N23="Expired","Review expired item",IF($O23="Yes","Send "&$M23&" email to "&$E23,"Monitor"))))
H24: =IF($B24="","",$D24-TODAY()) | I24: =IF($B24="","",IF($H24<0,"Expired",IF($H24<=7,"0-7 days",IF($H24<=14,"8-14 days",IF($H24<=30,"15-30 days","30+ days"))))) | J24: =IF($D24="","",$D24-30) | K24: =IF($D24="","",$D24-14) | L24: =IF($D24="","",$D24-7) | M24: =IF($B24="","",IF($F24="Yes","Completed",IF($H24<0,"Expired",IF(TODAY()>=$L24,"3rd Reminder",IF(TODAY()>=$K24,"2nd Reminder",IF(TODAY()>=$J24,"1st Reminder","Not Yet")))))) | N24: =IF($B24="","",IF($F24="Yes","Completed",IF($H24<0,"Expired",IF(OR($F24="Pending",$F24="No",$F24="On Hold",$F24="Escalate"),IF($M24="Not Yet","Scheduled","Action Required"),"Review")))) | O24: =IF($B24="","",IF(AND($N24="Action Required",$F24<>"Yes"),"Yes","No")) | Q24: =IF($B24="","",IF($O24="Yes","Ready for email batch","No email needed")) | R24: =IF($B24="","",IF($F24="Yes","Stop reminders",IF($N24="Expired","Review expired item",IF($O24="Yes","Send "&$M24&" email to "&$E24,"Monitor"))))
H25: =IF($B25="","",$D25-TODAY()) | I25: =IF($B25="","",IF($H25<0,"Expired",IF($H25<=7,"0-7 days",IF($H25<=14,"8-14 days",IF($H25<=30,"15-30 days","30+ days"))))) | J25: =IF($D25="","",$D25-30) | K25: =IF($D25="","",$D25-14) | L25: =IF($D25="","",$D25-7) | M25: =IF($B25="","",IF($F25="Yes","Completed",IF($H25<0,"Expired",IF(TODAY()>=$L25,"3rd Reminder",IF(TODAY()>=$K25,"2nd Reminder",IF(TODAY()>=$J25,"1st Reminder","Not Yet")))))) | N25: =IF($B25="","",IF($F25="Yes","Completed",IF($H25<0,"Expired",IF(OR($F25="Pending",$F25="No",$F25="On Hold",$F25="Escalate"),IF($M25="Not Yet","Scheduled","Action Required"),"Review")))) | O25: =IF($B25="","",IF(AND($N25="Action Required",$F25<>"Yes"),"Yes","No")) | Q25: =IF($B25="","",IF($O25="Yes","Ready for email batch","No email needed")) | R25: =IF($B25="","",IF($F25="Yes","Stop reminders",IF($N25="Expired","Review expired item",IF($O25="Yes","Send "&$M25&" email to "&$E25,"Monitor"))))
H26: =IF($B26="","",$D26-TODAY()) | I26: =IF($B26="","",IF($H26<0,"Expired",IF($H26<=7,"0-7 days",IF($H26<=14,"8-14 days",IF($H26<=30,"15-30 days","30+ days"))))) | J26: =IF($D26="","",$D26-30) | K26: =IF($D26="","",$D26-14) | L26: =IF($D26="","",$D26-7) | M26: =IF($B26="","",IF($F26="Yes","Completed",IF($H26<0,"Expired",IF(TODAY()>=$L26,"3rd Reminder",IF(TODAY()>=$K26,"2nd Reminder",IF(TODAY()>=$J26,"1st Reminder","Not Yet")))))) | N26: =IF($B26="","",IF($F26="Yes","Completed",IF($H26<0,"Expired",IF(OR($F26="Pending",$F26="No",$F26="On Hold",$F26="Escalate"),IF($M26="Not Yet","Scheduled","Action Required"),"Review")))) | O26: =IF($B26="","",IF(AND($N26="Action Required",$F26<>"Yes"),"Yes","No")) | Q26: =IF($B26="","",IF($O26="Yes","Ready for email batch","No email needed")) | R26: =IF($B26="","",IF($F26="Yes","Stop reminders",IF($N26="Expired","Review expired item",IF($O26="Yes","Send "&$M26&" email to "&$E26,"Monitor"))))
H27: =IF($B27="","",$D27-TODAY()) | I27: =IF($B27="","",IF($H27<0,"Expired",IF($H27<=7,"0-7 days",IF($H27<=14,"8-14 days",IF($H27<=30,"15-30 days","30+ days"))))) | J27: =IF($D27="","",$D27-30) | K27: =IF($D27="","",$D27-14) | L27: =IF($D27="","",$D27-7) | M27: =IF($B27="","",IF($F27="Yes","Completed",IF($H27<0,"Expired",IF(TODAY()>=$L27,"3rd Reminder",IF(TODAY()>=$K27,"2nd Reminder",IF(TODAY()>=$J27,"1st Reminder","Not Yet")))))) | N27: =IF($B27="","",IF($F27="Yes","Completed",IF($H27<0,"Expired",IF(OR($F27="Pending",$F27="No",$F27="On Hold",$F27="Escalate"),IF($M27="Not Yet","Scheduled","Action Required"),"Review")))) | O27: =IF($B27="","",IF(AND($N27="Action Required",$F27<>"Yes"),"Yes","No")) | Q27: =IF($B27="","",IF($O27="Yes","Ready for email batch","No email needed")) | R27: =IF($B27="","",IF($F27="Yes","Stop reminders",IF($N27="Expired","Review expired item",IF($O27="Yes","Send "&$M27&" email to "&$E27,"Monitor"))))
... H104: =IF($B104="","",$D104-TODAY()) | I104: =IF($B104="","",IF($H104<0,"Expired",IF($H104<=7,"0-7 days",IF($H104<=14,"8-14 days",IF($H104<=30,"15-30 days","30+ days"))))) | J104: =IF($D104="","",$D104-30) | K104: =IF($D104="","",$D104-14) | L104: =IF($D104="","",$D104-7) | M104: =IF($B104="","",IF($F104="Yes","Completed",IF($H104<0,"Expired",IF(TODAY()>=$L104,"3rd Reminder",IF(TODAY()>=$K104,"2nd Reminder",IF(TODAY()>=$J104,"1st Reminder","Not Yet")))))) | N104: =IF($B104="","",IF($F104="Yes","Completed",IF($H104<0,"Expired",IF(OR($F104="Pending",$F104="No",$F104="On Hold",$F104="Escalate"),IF($M104="Not Yet","Scheduled","Action Required"),"Review")))) | O104: =IF($B104="","",IF(AND($N104="Action Required",$F104<>"Yes"),"Yes","No")) | Q104: =IF($B104="","",IF($O104="Yes","Ready for email batch","No email needed")) | R104: =IF($B104="","",IF($F104="Yes","Stop reminders",IF($N104="Expired","Review expired item",IF($O104="Yes","Send "&$M104&" email to "&$E104,"Monitor"))))

Sheet Alert_Config
A1: Product Expiry Alert Rules and Validation Lists
A3: Alert Stage | B3: Days Before Expiry | C3: Action | D3: Power Automate Logic | F3: Decision List | G3: Status List | H3: Expiry Risk List | I3: Category List | J3: PIC List
A4: 1st Reminder | B4: 30 | C4: First reminder | D4: If today is on or after Alert 1 Date and Decision is not Yes | F4: Pending | G4: Scheduled | H4: Expired | I4: Chilled | J4: Ops Lead
A5: 2nd Reminder | B5: 14 | C5: Second reminder | D5: If today is on or after Alert 2 Date and Decision is not Yes | F5: Yes | G5: Action Required | H5: 0-7 days | I5: Bakery | J5: Ops Manager
A6: 3rd Reminder | B6: 7 | C6: Third reminder | D6: If today is on or after Alert 3 Date and Decision is not Yes | F6: No | G6: Completed | H6: 8-14 days | I6: Frozen | J6: GM
A7: Not Yet | C7: No reminder due | D7: Expiry is outside the reminder window | F7: On Hold | G7: Expired | H7: 15-30 days | I7: Grocery | J7: Proc Lead
A8: Completed | C8: Stop reminders | D8: Decision is Yes | F8: Escalate | G8: Review | H8: 30+ days | I8: Dairy | J8: Store Mgr
I9: Beverage | J9: QA Mgr
I10: Fresh | J10: Inv Ctrl
